ID,Data,Valor,Descrição,Categoria
2024090201256680,2024-09-02,1256.68,Pix - Recebido - 01/09 01:03 41075192000182 ASIMOV ACAD,Receitas
20240902018743320,2024-09-02,18743.32,Pix - Recebido - 02/09 09:20 41075192000182 ASIMOV ACAD,Receitas
20240902117000,2024-09-02,-17.0,Compra com Cartão - 31/08 18:35 MP*KAKABENTO,Compras
20240902115000,2024-09-02,-15.0,Compra com Cartão - 01/09 06:02 HOTEL NACIONAL INN B,Transporte
20240902167600,2024-09-02,-67.6,Compra com Cartão - 01/09 06:07 POP 01Set 06h07min,Compras
20240902118000,2024-09-02,-18.0,Compra com Cartão - 01/09 09:29 FDA3 PRODUTOS ALIMEN,Alimentação
202409021734120,2024-09-02,-734.12,Compra com Cartão - 02/09 19:43 ZAFFARI HIGIENOP,Saúde
20240903137000,2024-09-03,-37.0,Compra com Cartão - 03/09 12:33 MO KITCHEN GRILL LTD,Alimentação
2024090314420030,2024-09-03,-4420.03,Pagto cartão crédito,Compras
2024090313228000,2024-09-03,-3228.0,Pix - Enviado - 03/09 14:26 Escola De Educacao Infanti,Educação
2024090316942070,2024-09-03,-6942.07,Pagamento de Boleto - FERREIRA IMOVEIS LTDA,Moradia
202409031134890,2024-09-03,-134.89,Pix - Enviado - 03/09 14:39 Claro,Telefone
20240904131000,2024-09-04,-31.0,Compra com Cartão - 04/09 12:11 FRUTAS SCHARDOSIM,Alimentação
20240904152700,2024-09-04,-52.7,Compra com Cartão - 04/09 12:14 RenataCarolaine,Compras
202409050258690,2024-09-05,258.69,Pix - Recebido - 05/09 08:35 10878448000166 PAYPAL DO B,Receitas
20240905166550,2024-09-05,-66.55,Compra com Cartão - 05/09 23:08 PAMPA BURGUER ASSIS,Alimentação
20240906121000,2024-09-06,-21.0,Compra com Cartão - 06/09 16:23 MetaparkEstaciona,Transporte
202409061425410,2024-09-06,-425.41,Pix - Enviado - 06/09 10:23 GROWTH SUPPLEMENTS PROD AL,Saúde
2024090613000000,2024-09-06,-3000.0,TED Transf.Eletr.Disponiv - 102 0001 84731630010 RODRIGO SOARES TA,Transferências para terceiros
20240906112100,2024-09-06,-12.1,TEDinternet - Cobrança referente 06/09/2024,Telefone
202409090905080,2024-09-09,905.08,Pix - Recebido - 09/09 15:14 41075192000182 ASIMOV ACAD,Receitas
202409091199870,2024-09-09,-199.87,Compra com Cartão - 07/09 11:14 SUPERMAGO COMERCI,Compras
20240909155250,2024-09-09,-55.25,Compra com Cartão - 07/09 11:34 ARMAZEM TRINTA E OIT,Compras
20240909120890,2024-09-09,-20.89,Compra com Cartão - 07/09 11:41 PANVEL FARMACIAS,Saúde
202409091137300,2024-09-09,-137.3,Compra com Cartão - 08/09 15:04 RESTAURANTE SABOR E,Alimentação
202409091266950,2024-09-09,-266.95,Compra com Cartão - 08/09 19:07 ZAFFARI TOTAL,Alimentação
20240909193000,2024-09-09,-93.0,Compra com Cartão - 08/09 20:19 RAIA1814,Transporte
202409091100990,2024-09-09,-100.99,Pagamento de Telefone - TIM SA,Telefone
202409101420000,2024-09-10,-420.0,Pagto Mensalidade Clube - Data balanc.: 10/09/2024,Educação
20240301013743320,2024-03-01,13743.32,Pix - Recebido - 01/03 17:19 41075192000182 ASIMOV ACAD,Receitas
2024030101256680,2024-03-01,1256.68,Pix - Recebido - 01/03 06:13 41075192000182 ASIMOV ACAD,Receitas
202403011482430,2024-03-01,-482.43,Compra com Cartão - 01/03 19:32 ZAFFARI HIGIENOP,Saúde
202403011210,2024-03-01,-0.21,Cobrança de Juros,Investimento
202403011330,2024-03-01,-0.33,Cobrança de I.O.F.,Investimento
20240304182500,2024-03-04,-82.5,Compra com Cartão - 02/03 12:42 PANEVINO,Alimentação
20240304125000,2024-03-04,-25.0,Compra com Cartão - 02/03 14:55 DOS SANTOS  MARCHIOR,Transporte
20240304120610,2024-03-04,-20.61,Compra com Cartão - 02/03 16:49 LIVRARIA TAVERNA,Educação
20240304120000,2024-03-04,-20.0,Compra com Cartão - 02/03 17:00 LIVRARIA PROVINCIA,Educação
20240304171500,2024-03-04,-71.5,Compra com Cartão - 03/03 17:37 TEA SHOP - IGUATEMI,Alimentação
202403041175700,2024-03-04,-175.7,Compra com Cartão - 03/03 18:17 LOJAS RENNER FL 1,Compras
20240304111999920,2024-03-04,-11999.92,Pagto cartão crédito,Compras
2024030416941970,2024-03-04,-6941.97,Pagamento de Boleto - FERREIRA IMOVEIS LTDA,Moradia
2024030413071000,2024-03-04,-3071.0,Pix - Enviado - 04/03 09:33 ESCOLA DE EDUCACAO INFANT,Educação
202403041460000,2024-03-04,-460.0,Pix - Enviado - 04/03 09:36 RODRIGO TAVARES DE SOUSA,Transferências para terceiros
202403041500000,2024-03-04,-500.0,Pix - Enviado - 04/03 09:37 COPE SERVICOS CONTABEIS E,Transferências para terceiros
202403041132130,2024-03-04,-132.13,Pagto conta telefone - CLARO S.A.,Telefone
2024030506239880,2024-03-05,6239.88,Pix - Recebido - 05/03 11:55 41075192000182 ASIMOV ACAD,Receitas
20240305129650,2024-03-05,-29.65,Compra com Cartão - 05/03 18:46 REVELCOLOR,Compras
202403051308240,2024-03-05,-308.24,Compra com Cartão - 05/03 19:07 ZAFFARI HIGIENOP,Saúde
2024030516000,2024-03-05,-6.0,Pix - Enviado - 05/03 08:04 Maria Otilia Colpo,Transferências para terceiros
202403051500000,2024-03-05,-500.0,Pix - Enviado - 05/03 11:55 Rodrigo Soares Tadewald,Transferências para terceiros
20240305112000000,2024-03-05,-12000.0,Pix - Enviado - 05/03 11:56 Tadewald Holdin,Transferências para terceiros
20240306132200,2024-03-06,-32.2,Compra com Cartão - 06/03 11:03 FRUTAS SCHARDOSIM,Alimentação
202403070299290,2024-03-07,299.29,Pix - Recebido - 07/03 09:15 10878448000166 PAYPAL DO B,Receitas
20240307190990,2024-03-07,-90.99,Pagamento de Telefone - TIM SA,Telefone
20240311178000,2024-03-11,-78.0,Compra com Cartão - 09/03 13:47 FLORICULTURA SILVEIR,Mercado
20240311110000,2024-03-11,-10.0,Compra com Cartão - 09/03 15:07 GIANLUCA - DC NAVEGA,Transporte
20240311119900,2024-03-11,-19.9,Compra com Cartão - 09/03 16:54 ADS COMERCIO DE ALIM,Alimentação
202403111184800,2024-03-11,-184.8,Compra com Cartão - 09/03 22:27 USINA DE MASSAS.,Alimentação
202403111978650,2024-03-11,-978.65,Compra com Cartão - 10/03 17:02 ATACADAO 088 AS,Compras
202403111134580,2024-03-11,-134.58,Compra com Cartão - 11/03 18:29 ARMAZEM TRINTA E OIT,Compras
202403111420000,2024-03-11,-420.0,Pagto Mensalidade Clube - GREMIO NAUTICO UNIAO,Educação
20240312139000,2024-03-12,-39.0,Compra com Cartão - 12/03 13:38 C R VENDRUSCOLO,Compras
20240313139300,2024-03-13,-39.3,Compra com Cartão - 13/03 10:27 PAG*VanerleiAcadio,Transporte
2024031413900,2024-03-14,-3.9,Compra com Cartão - 14/03 13:25 TOCA DA BISA COMERCI,Alimentação
20240315187800,2024-03-15,-87.8,Compra com Cartão - 15/03 13:33 QUERO BIS ALIMENTOS,Alimentação
20240318128030,2024-03-18,-28.03,Compra com Cartão - 16/03 17:50 PADARIA MULTIPAES,Alimentação
202403181265250,2024-03-18,-265.25,Compra com Cartão - 18/03 19:15 ZAFFARI HIGIENOP,Saúde
202403181123000,2024-03-18,-123.0,Pix - Enviado - 16/03 17:13 Vagner Brambila,Transferências para terceiros
20240319129960,2024-03-19,-29.96,Compra com Cartão - 19/03 10:33 FERRAGEM TRES FIGUEI,Transporte
20240319147900,2024-03-19,-47.9,Compra com Cartão - 19/03 13:29 QUERO BIS ALIMENTOS,Alimentação
202403200415000,2024-03-20,415.0,Pix - Recebido - 20/03 11:22 00038930080049 IVANISE SOA,Receitas
20240320115000,2024-03-20,-15.0,Compra com Cartão - 20/03 17:41 HAMSA COMERCIO DE AL,Compras
20240320134150,2024-03-20,-34.15,Compra com Cartão - 20/03 19:57 PAG*GilvaniDanielNie,Transporte
20240320140000,2024-03-20,-40.0,Compra com Cartão - 20/03 20:01 PAG*FeiraAnzolin,Mercado
20240320138000,2024-03-20,-38.0,Compra com Cartão - 20/03 20:04 FRUTAS SCHARDOSIM,Alimentação
20240320114500,2024-03-20,-14.5,Compra com Cartão - 20/03 20:06 PAG*Patrickrosa,Transporte
20240320110000,2024-03-20,-10.0,Pix - Enviado - 20/03 13:53 Maria Otilia Colpo,Transferências para terceiros
202403211224800,2024-03-21,-224.8,Compra com Cartão - 21/03 20:34 PAG*VrpGas,Transporte
2024032204725000,2024-03-22,4725.0,Pix - Recebido - 22/03 11:40 42454634000164 TADEWALD HO,Receitas
2024032214725000,2024-03-22,-4725.0,Pix - Enviado - 22/03 11:41 Gilberto Da Silva,Transferências para terceiros
202403251132970,2024-03-25,-132.97,Compra com Cartão - 23/03 10:14 POSTO CAMINHO DO,Transporte
20240325135000,2024-03-25,-35.0,Compra com Cartão - 23/03 14:35 PAG*NathaliaQuadros,Compras
202403251179400,2024-03-25,-179.4,Compra com Cartão - 23/03 18:04 RENNER,Compras
20240325149900,2024-03-25,-49.9,Compra com Cartão - 23/03 18:37 SADER LIVROS TORRES,Educação
202403251204150,2024-03-25,-204.15,Compra com Cartão - 23/03 19:10 BISTEK SUPERMERCADOS,Alimentação
20240325130000,2024-03-25,-30.0,Pix - Enviado - 23/03 09:17 Sem Parar Instituição De P,Transferências para terceiros
20240325155000,2024-03-25,-55.0,Pix - Enviado - 23/03 15:47 Charlene Lopes Scheffer,Transferências para terceiros
20240325130001,2024-03-25,-30.0,Pix - Enviado - 24/03 15:37 Maria Fernanda Da Rosa Da,Transferências para terceiros
20240325130002,2024-03-25,-30.0,Pix - Enviado - 25/03 08:22 Sem Parar Instituição De P,Transferências para terceiros
2024032706200000,2024-03-27,6200.0,Pix - Recebido - 27/03 17:00 42454634000164 TADEWALD HO,Receitas
20240327133000,2024-03-27,-33.0,Compra com Cartão - 27/03 19:32 ANDRE ANTONIO LEAL,Compras
20240327125000,2024-03-27,-25.0,Compra com Cartão - 27/03 19:34 RAUL VICTOR KILPP,Transporte
20240327114500,2024-03-27,-14.5,Compra com Cartão - 27/03 19:37 PAG*Patrickrosa,Transporte
20240327147500,2024-03-27,-47.5,Compra com Cartão - 27/03 19:41 FEIRA ANZOLIN TOMATE,Alimentação
20240327130000,2024-03-27,-30.0,Compra com Cartão - 27/03 19:44 BANCA FRUTAS - JOVAN,Alimentação
2024032715507500,2024-03-27,-5507.5,Pix - Enviado - 27/03 17:06 Minniluxo Casa De Festas E,Transferências para terceiros
20240328160000,2024-03-28,-60.0,Compra com Cartão - 28/03 13:58 PAG*GpLavagem,Transporte
2024080101256680,2024-08-01,1256.68,Pix - Recebido - 01/08 06:18 41075192000182 ASIMOV ACAD,Receitas
20240801013743320,2024-08-01,13743.32,Pix - Recebido - 01/08 06:44 41075192000182 ASIMOV ACAD,Receitas
20240801150,2024-08-01,-0.05,Cobrança de Juros - Juros Saldo Devedor Conta,Investimento
20240801180,2024-08-01,-0.08,Cobrança de I.O.F. - IOF Saldo Devedor Conta,Investimento
202408020300000,2024-08-02,300.0,Pix - Recebido - 02/08 20:45 00084731630010 RODRIGO SOA,Receitas
2024080202000000,2024-08-02,2000.0,Pix - Recebido - 02/08 20:54 42454634000164 TADEWALD HO,Receitas
202408021221110,2024-08-02,-221.11,Compra com Cartão - 02/08 18:57 ARMAZEM TRINTA E OIT,Compras
2024080214355360,2024-08-02,-4355.36,Pagto cartão crédito,Compras
2024080216941970,2024-08-02,-6941.97,Pagamento de Boleto - FERREIRA IMOVEIS LTDA,Moradia
2024080212976000,2024-08-02,-2976.0,Pix - Enviado - 02/08 20:43 ESCOLA DE EDUCACAO INFANTI,Educação
202408021500000,2024-08-02,-500.0,Pix - Enviado - 02/08 20:44 COPE SERVICOS CONTABEIS E,Transferências para terceiros
202408021137290,2024-08-02,-137.29,Pix - Enviado - 02/08 21:00 Claro,Telefone
202408051380320,2024-08-05,-380.32,Compra com Cartão - 03/08 09:59 BISTEK SUPERMERCADOS,Alimentação
20240805125000,2024-08-05,-25.0,Pix - Enviado - 05/08 14:36 Silvio L De Freitas Azered,Transferências para terceiros
20240806137000,2024-08-06,-37.0,Compra com Cartão - 06/08 12:31 MO KITCHEN GRILL LTD,Alimentação
202408070436020,2024-08-07,436.02,Pix - Recebido - 07/08 08:09 10878448000166 PAYPAL DO B,Receitas
2024080707830000,2024-08-07,7830.0,Pix - Recebido - 07/08 12:02 41075192000182 ASIMOV ACAD,Receitas
20240807140000,2024-08-07,-40.0,Compra com Cartão - 07/08 11:50 TiagoJusto,Compras
20240807148000,2024-08-07,-48.0,Compra com Cartão - 07/08 11:54 RenataCarolaine,Compras
2024080713915000,2024-08-07,-3915.0,Pix - Enviado - 07/08 12:06 Adriano Vasconcellos Soare,Transferências para terceiros
202408071100990,2024-08-07,-100.99,Pagamento de Telefone - TIM SA,Telefone
20240808154180,2024-08-08,-54.18,Compra com Cartão - 08/08 18:54 ARMAZEM TRINTA E OIT,Compras
20240809185800,2024-08-09,-85.8,Compra com Cartão - 09/08 13:34 ALTIS,Compras
20240809141500,2024-08-09,-41.5,Compra com Cartão - 09/08 13:43 BELLER COMERCIO DE P,Compras
20240812136740,2024-08-12,-36.74,Compra com Cartão - 10/08 16:05 TEA SHOP - IGUATEMI,Alimentação
202408121139700,2024-08-12,-139.7,Compra com Cartão - 10/08 16:40 RIACHUELO 334,Transporte
202408121504950,2024-08-12,-504.95,Compra com Cartão - 10/08 19:21 ZAFFARI HIGIENOP,Saúde
202408121112560,2024-08-12,-112.56,Compra com Cartão - 10/08 19:35 ARMAZEM TRINTA E OIT,Compras
202408121420000,2024-08-12,-420.0,Pagto Mensalidade Clube - GREMIO NAUTICO UNIAO,Educação
2024081316900,2024-08-13,-6.9,Compra com Cartão - 13/08 16:59 TOCA DA BISA COMERCI,Alimentação
20240814155000,2024-08-14,-55.0,Compra com Cartão - 14/08 11:36 PG *TON RENATA CAROL,Compras
20240814137000,2024-08-14,-37.0,Compra com Cartão - 14/08 12:41 MO KITCHEN GRILL LTD,Alimentação
202408150500000,2024-08-15,500.0,Pix - Recebido - 15/08 09:49 00084731630010 RODRIGO SOA,Receitas
202408151238000,2024-08-15,-238.0,Compra com Cartão - 15/08 09:52 VrpGas,Transporte
202408151450000,2024-08-15,-450.0,Pix - Enviado - 15/08 09:50 Mariano Czarnobai Junior,Transferências para terceiros
20240816164000,2024-08-16,-64.0,Compra com Cartão - 16/08 13:44 BERLINF*RESTAURANTE,Alimentação
20240819171340,2024-08-19,-71.34,Compra com Cartão - 17/08 19:35 ARMAZEM TRINTA E OIT,Compras
202408191359530,2024-08-19,-359.53,Compra com Cartão - 17/08 20:17 ZAFFARI HIGIENOP,Saúde
202408191120000,2024-08-19,-120.0,Pix - Enviado - 17/08 11:12 Alceu Oliveira Da Rosa,Transferências para terceiros
20240819164800,2024-08-19,-64.8,Pagamento de Impostos - RFB-DARF CODIGO DE BARRAS,Transferências para terceiros
202408191545840,2024-08-19,-545.84,Pagamento de Impostos - RFB-DARF CODIGO DE BARRAS,Transferências para terceiros
202408191105160,2024-08-19,-105.16,Pagamento de Impostos - RFB-DARF CODIGO DE BARRAS,Transferências para terceiros
20240819153020,2024-08-19,-53.02,Pix - Enviado - 19/08 10:32 Receita Federal,Transferências para terceiros
20240819181000,2024-08-19,-81.0,Pix - Enviado - 19/08 10:39 Receita Federal,Transferências para terceiros
20240819180000,2024-08-19,-80.0,Pix - Enviado - 19/08 10:42 Sind Dos Trab Agricultores,Transferências para terceiros
202408201230810,2024-08-20,-230.81,Compra com Cartão - 20/08 14:16 RovinPostosDe,Mercado
20240821155000,2024-08-21,-55.0,Compra com Cartão - 21/08 11:59 FRUTAS SCHARDOSIM,Alimentação
20240821134250,2024-08-21,-34.25,Compra com Cartão - 21/08 12:03 Wellintonmendes,Compras
20240821137000,2024-08-21,-37.0,Compra com Cartão - 21/08 12:49 BERLINF*RESTAURANTE,Alimentação
20240821199990,2024-08-21,-99.99,Compra com Cartão - 21/08 18:12 PRIME FITNESS STORE,Saúde
20240826122090,2024-08-26,-22.09,Compra com Cartão - 24/08 12:57 ARMAZEM 43,Compras
20240826125000,2024-08-26,-25.0,Compra com Cartão - 25/08 17:54 ANIMAL KIDS,Compras
20240826116800,2024-08-26,-16.8,Compra com Cartão - 24/08 13:11 CLADIR ANGELO MAF,Transporte
20240826197900,2024-08-26,-97.9,Compra com Cartão - 25/08 18:16 KALUNGA IGUATEMI,Compras
202408261506050,2024-08-26,-506.05,Compra com Cartão - 24/08 17:23 BOURBON COUNTRY,Alimentação
202408261409600,2024-08-26,-409.6,Compra com Cartão - 24/08 18:53 LOJAS RENNER FL 1,Compras
20240826186940,2024-08-26,-86.94,Compra com Cartão - 24/08 19:12 PANVEL FARMACIAS,Saúde
20240826158960,2024-08-26,-58.96,Compra com Cartão - 25/08 17:49 TEA SHOP - IGUATEMI,Alimentação
2024082701000000,2024-08-27,1000.0,Pix - Recebido - 27/08 16:52 42454634000164 TADEWALD HO,Receitas
20240827137000,2024-08-27,-37.0,Compra com Cartão - 27/08 13:15 MO KITCHEN GRILL,Alimentação
2024082711000000,2024-08-27,-1000.0,Pix - Enviado - 27/08 16:54 Thiago Gerlach Barata Silv,Transferências para terceiros
2024082819980,2024-08-28,-9.98,Compra com Cartão - 28/08 11:36 ABAST PHOENIX SINOS,Alimentação
20240828170000,2024-08-28,-70.0,Compra com Cartão - 28/08 13:43 Airport,Transporte
202408291105000,2024-08-29,-105.0,Compra com Cartão - 29/08 12:00 MePayFinancial,Compras
20240829116000,2024-08-29,-16.0,Compra com Cartão - 29/08 14:11 INVERNO D ITALIA BRO,Compras
202408301100000,2024-08-30,-100.0,Compra com Cartão - 30/08 11:58 MePayFinancial,Compras
20240603013743320,2024-06-03,13743.32,Pix - Recebido - 01/06 06:25 41075192000182 ASIMOV ACAD,Receitas
2024060301256680,2024-06-03,1256.68,Pix - Recebido - 01/06 06:25 41075192000182 ASIMOV ACAD,Receitas
20240603142500,2024-06-03,-42.5,Compra com Cartão - 01/06 11:00 UNIMED VINTEQUATRO D,Saúde
2024060318000,2024-06-03,-8.0,Compra com Cartão - 01/06 15:09 VIVA MERCADO EIRE,Mercado
2024060317980,2024-06-03,-7.98,Compra com Cartão - 01/06 19:36 DIMED SA DISTRIBUIDO,Compras
20240603129490,2024-06-03,-29.49,Compra com Cartão - 01/06 19:39 DIMED SA DISTRIBUIDO,Compras
202406031248580,2024-06-03,-248.58,Compra com Cartão - 03/06 18:36 ZAFFARI HIGIENOP,Saúde
2024060316941970,2024-06-03,-6941.97,Pagamento de Boleto - FERREIRA IMOVEIS LTDA,Moradia
2024060313101000,2024-06-03,-3101.0,Pix - Enviado - 02/06 11:42 ESCOLA DE EDUCACAO INFANTI,Educação
202406031500000,2024-06-03,-500.0,Pix - Enviado - 02/06 11:49 COPE SERVICOS CONTABEIS E,Transferências para terceiros
202406031132130,2024-06-03,-132.13,Pix - Enviado - 02/06 12:15 Claro,Telefone
20240604155000,2024-06-04,-55.0,Pix - Enviado - 04/06 23:02 Guilherme Tadewald Varella,Transferências para terceiros
2024060501000000,2024-06-05,1000.0,Transferência recebida - 05/06 22:01 ALISSON BOEIRA,Receitas
2024060501000001,2024-06-05,1000.0,Pix - Recebido - 05/06 21:52 00003300503035 LUAN DE ALM,Receitas
2024060501000002,2024-06-05,1000.0,Pix - Recebido - 05/06 22:01 00062925962068 ANDREIA NUN,Receitas
202406050500000,2024-06-05,500.0,Pix - Recebido - 05/06 22:02 00003338145098 ALISSON BOE,Receitas
20240605124000,2024-06-05,-24.0,Compra com Cartão - 05/06 11:57 LUIZ FERNANDO SCHAID,Compras
20240605120000,2024-06-05,-20.0,Compra com Cartão - 05/06 12:01 PG *TON RENATA CAROL,Compras
20240605130000,2024-06-05,-30.0,Compra com Cartão - 05/06 12:03 PAG*53594251Dayra,Compras
2024060519850,2024-06-05,-9.85,Compra com Cartão - 05/06 12:03 PAG*MauroSergioDe,Compras
202406051135670,2024-06-05,-135.67,Compra com Cartão - 05/06 19:01 ARMAZEM TRINTA E OIT,Compras
20240605139990,2024-06-05,-39.99,Compra com Cartão - 05/06 20:46 DECATHLON PORTO ALEG,Compras
202406060315470,2024-06-06,315.47,TED-Pag Fornecedores - 745 0001 10878448000166 PAYPAL DO BRAS,Transferências para terceiros
20240606045000000,2024-06-06,45000.0,Pix - Recebido - 06/06 11:20 00002205023071 ADRIANO VAS,Receitas
2024060618008130,2024-06-06,-8008.13,Pagto cartão crédito,Compras
2024060611000000,2024-06-06,-1000.0,Pix - Enviado - 06/06 11:44 Rodrigo Soares Tadewald,Transferências para terceiros
20240606140000000,2024-06-06,-40000.0,Pix - Enviado - 06/06 11:44 Tadewald Holdin,Transferências para terceiros
20240607045000000,2024-06-07,45000.0,Pix - Recebido - 07/06 09:15 00002205023071 ADRIANO VAS,Receitas
202406071260760,2024-06-07,-260.76,Compra com Cartão - 07/06 19:38 BISTEK SUPERMERCADOS,Alimentação
20240607146000000,2024-06-07,-46000.0,TED Transf.Eletr.Disponiv - 102 0001 84731630010 RODRIGO SOARES TA,Transferências para terceiros
20240607111800,2024-06-07,-11.8,TEDinternet - Cobrança referente 07/06/2024,Telefone
202406071100990,2024-06-07,-100.99,Pagamento de Telefone - TIM SA,Telefone
202406100600000,2024-06-10,600.0,Pix - Recebido - 10/06 16:19 05054679090 Pedro Alban do,Receitas
20240610127000,2024-06-10,-27.0,Compra com Cartão - 08/06 19:52 FIVE POINTS BURGUER,Alimentação
2024061018900,2024-06-10,-8.9,Compra com Cartão - 08/06 20:59 VIVA MERCADO EIRE,Mercado
202406101251260,2024-06-10,-251.26,Compra com Cartão - 10/06 19:18 ZAFFARI HIGIENOP,Saúde
202406101426080,2024-06-10,-426.08,Pix - Enviado - 09/06 11:25 Growth Supplements Prod Al,Saúde
202406101150000,2024-06-10,-150.0,Pagto Mensalidade Clube - GREMIO NAUTICO UNIAO,Educação
202406101420000,2024-06-10,-420.0,Pagto Mensalidade Clube - GREMIO NAUTICO UNIAO,Educação
20240611168370,2024-06-11,-68.37,Compra com Cartão - 11/06 12:46 PARRILLA DEL SUR ALI,Alimentação
202406111100000,2024-06-11,-100.0,Compra com Cartão - 11/06 18:25 POSTO PLINIO BRASIL,Transporte
202406121250600,2024-06-12,-250.6,Compra com Cartão - 12/06 19:05 ZAFFARI HIGIENOP,Saúde
202406131238000,2024-06-13,-238.0,Compra com Cartão - 13/06 12:55 PAG*VrpGas,Transporte
20240613118000,2024-06-13,-18.0,Compra com Cartão - 13/06 13:28 FLORICULTURA SILVEIR,Mercado
202406131450000,2024-06-13,-450.0,Pix - Enviado - 13/06 09:58 Mariano Czarnobai Junior,Transferências para terceiros
20240614193750,2024-06-14,-93.75,Pix - Enviado - 14/06 14:17 Pix Marketplace,Mercado
2024061704700000,2024-06-17,4700.0,Pix - Recebido - 15/06 10:10 41075192000182 ASIMOV ACAD,Receitas
20240617032200000,2024-06-17,32200.0,Pix - Recebido - 17/06 11:39 02205023071 Adriano Vascon,Receitas
202406171156080,2024-06-17,-156.08,Compra com Cartão - 15/06 12:17 ARMAZEM TRINTA E OIT,Compras
202406171146690,2024-06-17,-146.69,Compra com Cartão - 17/06 19:24 ZAFFARI HIGIENOP,Saúde
20240617127830,2024-06-17,-27.83,Compra com Cartão - 16/06 16:26 PAG*Panetteria,Alimentação
2024061718000,2024-06-17,-8.0,Compra com Cartão - 16/06 16:33 MK OASIS,Compras
20240617125000,2024-06-17,-25.0,Compra com Cartão - 16/06 16:59 ANIMAL KIDS,Compras
20240617124000,2024-06-17,-24.0,Compra com Cartão - 16/06 17:39 ESTACIONAMENTO IG,Transporte
202406171101980,2024-06-17,-101.98,Compra com Cartão - 16/06 18:12 MERCADAO DA INFORMAT,Mercado
2024061714700000,2024-06-17,-4700.0,Pix - Enviado - 15/06 11:01 Eduardo Alberton Lopes,Transferências para terceiros
20240618143000,2024-06-18,-43.0,Compra com Cartão - 18/06 12:34 MO KITCHEN GRILL LTD,Alimentação
20240618125000000,2024-06-18,-25000.0,Pix - Enviado - 18/06 14:18 NEXOOS SOCIEDADE DE EMPRES,Transferências para terceiros
20240619137000,2024-06-19,-37.0,Compra com Cartão - 19/06 13:59 MO KITCHEN GRILL LTD,Alimentação
202406201280640,2024-06-20,-280.64,Compra com Cartão - 20/06 17:36 BISTEK SUPERMERCADOS,Alimentação
202406201139900,2024-06-20,-139.9,Compra com Cartão - 20/06 19:00 ARMAZEM TRINTA E OIT,Compras
20240621125980,2024-06-21,-25.98,Compra com Cartão - 21/06 18:43 PANVEL FILIAL 885,Compras
202406241195300,2024-06-24,-195.3,Compra com Cartão - 22/06 11:53 POSTO ROTA 80 LTDA,Transporte
20240624156000,2024-06-24,-56.0,Compra com Cartão - 22/06 18:07 DOCE ART CAFE,Alimentação
202406241397800,2024-06-24,-397.8,Compra com Cartão - 24/06 19:30 ZAFFARI HIGIENOP,Saúde
2024062415500,2024-06-24,-5.5,Compra com Cartão - 22/06 12:50 VIA SUL,Transporte
202406241191200,2024-06-24,-191.2,Compra com Cartão - 22/06 22:08 PIZZARIA MANJERICAO,Alimentação
2024062415000,2024-06-24,-5.0,Compra com Cartão - 23/06 11:06 PAG*AbrahaoConstante,Compras
20240624176000,2024-06-24,-76.0,Compra com Cartão - 22/06 13:30 PAG*LeandroAnflorDa,Compras
2024062415501,2024-06-24,-5.5,Compra com Cartão - 22/06 14:09 VIA SUL,Compras
20240624120000,2024-06-24,-20.0,Compra com Cartão - 23/06 14:52 DIEGO ASSISTENCIA TE,Transporte
20240624116180,2024-06-24,-16.18,Compra com Cartão - 23/06 15:05 ARMAZEM 77,Compras
2024062415001,2024-06-24,-5.0,Compra com Cartão - 22/06 15:49 PAG*FabioBueno,Compras
20240624127000,2024-06-24,-27.0,Compra com Cartão - 23/06 15:17 GELATERIA IL PRIMO G,Alimentação
20240624135000,2024-06-24,-35.0,Compra com Cartão - 22/06 16:59 PAG*MundoDasCapas,Compras
20240624130000,2024-06-24,-30.0,Pix - Enviado - 22/06 10:55 Sem Parar Instituição De P,Transferências para terceiros
20240624130001,2024-06-24,-30.0,Pix - Enviado - 22/06 10:57 Sem Parar Instituição De P,Transferências para terceiros
202406241140000,2024-06-24,-140.0,Pix - Enviado - 23/06 14:59 R E Preussler,Transferências para terceiros
20240624110000,2024-06-24,-10.0,Pix - Enviado - 23/06 15:43 Municipio De Torres,Transferências para terceiros
20240625137000,2024-06-25,-37.0,Compra com Cartão - 25/06 13:24 MO KITCHEN GRILL LTD,Alimentação
20240626165890,2024-06-26,-65.89,Compra com Cartão - 26/06 13:02 TAISHI SUSHI,Alimentação
202406271104280,2024-06-27,-104.28,Compra com Cartão - 27/06 13:48 ARMAZEM TRINTA E OIT,Compras
202406280850000,2024-06-28,850.0,Pix - Recebido - 28/06 19:03 00038930080049 IVANISE SOA,Receitas
202406281200000,2024-06-28,-200.0,Pix - Enviado - 28/06 10:26 Jeison Homem De Almeida,Transferências para terceiros
2024070101256680,2024-07-01,1256.68,Pix - Recebido - 01/07 12:59 41075192000182 ASIMOV ACAD,Receitas
20240701013743320,2024-07-01,13743.32,Pix - Recebido - 01/07 12:59 41075192000182 ASIMOV ACAD,Receitas
202407011213840,2024-07-01,-213.84,Compra com Cartão - 29/06 09:30 COMERCIAL SULINA DE,Compras
202407011101830,2024-07-01,-101.83,Compra com Cartão - 01/07 19:58 SUPERMAGO COMERCI,Alimentação
202407011160000,2024-07-01,-160.0,Compra com Cartão - 29/06 14:44 RESTAURANTE DONA LOU,Alimentação
20240701113000,2024-07-01,-13.0,Compra com Cartão - 29/06 15:41 WINE GARDEN,Mercado
20240701155000,2024-07-01,-55.0,Compra com Cartão - 29/06 16:12 MIOLO WINE GROUP COM,Alimentação
20240701140000,2024-07-01,-40.0,Compra com Cartão - 30/06 16:17 MERCADAO DA INFORMAT,Mercado
202407011246700,2024-07-01,-246.7,Compra com Cartão - 30/06 19:59 BOURBON COUNTRY,Alimentação
202407011610280,2024-07-01,-610.28,Pix - Enviado - 29/06 20:42 A&f Reformas,Transferências para terceiros
2024070113670000,2024-07-01,-3670.0,Pix - Enviado - 30/06 15:20 Gabriella Silveira Souza,Transferências para terceiros
2024070203570000,2024-07-02,3570.0,Transferência recebida - 02/07 10:44 ALINE SILVA DE FREITAS,Receitas
2024070214991420,2024-07-02,-4991.42,Pagto cartão crédito,Compras
2024070216941970,2024-07-02,-6941.97,Pagamento de Boleto - FERREIRA IMOVEIS LTDA,Moradia
2024070213071000,2024-07-02,-3071.0,Pix - Enviado - 02/07 15:57 ESCOLA DE EDUCACAO INFANTI,Educação
202407021500000,2024-07-02,-500.0,Pix - Enviado - 02/07 15:58 COPE SERVICOS CONTABEIS E,Transferências para terceiros
202407021300000,2024-07-02,-300.0,Pix - Enviado - 02/07 16:00 COPE SOLUCOES CONTABEIS  F,Transferências para terceiros
20240702122650,2024-07-02,-22.65,Pix - Enviado - 02/07 16:03 Sem Parar Instituição De P,Transferências para terceiros
202407021250000,2024-07-02,-250.0,Pix - Enviado - 02/07 16:04 Sem Parar Instituição De P,Transferências para terceiros
20240703137000,2024-07-03,-37.0,Compra com Cartão - 03/07 12:37 MO KITCHEN GRILL LTD,Alimentação
20240703116500,2024-07-03,-16.5,Compra com Cartão - 03/07 16:08 MULTIPLAN ADMINISTRA,Compras
202407040338270,2024-07-04,338.27,Pix - Recebido - 04/07 09:12 10878448000166 PAYPAL DO B,Receitas
202407081550850,2024-07-08,-550.85,Compra com Cartão - 06/07 09:38 ZAFFARI HIGIENOP,Saúde
20240708126000,2024-07-08,-26.0,Compra com Cartão - 06/07 19:58 ESPACO DE CINEMA SUL,Entretenimento
20240708120000,2024-07-08,-20.0,Compra com Cartão - 06/07 09:41 SOS SERVICOS,Transporte
202407081188480,2024-07-08,-188.48,Compra com Cartão - 08/07 18:58 ARMAZEM TRINTA E OIT,Compras
2024070816000,2024-07-08,-6.0,Compra com Cartão - 06/07 10:55 D. DOS SANTOS MARCHI,Transporte
20240708162600,2024-07-08,-62.6,Compra com Cartão - 06/07 16:31 CASA MARIA,Moradia
20240708160000,2024-07-08,-60.0,Compra com Cartão - 06/07 18:58 ESPACO DE CINEMA SUL,Entretenimento
20240708152000,2024-07-08,-52.0,Compra com Cartão - 06/07 19:07 PAG*MePayFinancial,Compras
202407081100000,2024-07-08,-100.0,Pix - Enviado - 06/07 12:32 Juliana Alabarse Hernandez,Transferências para terceiros
202407081100990,2024-07-08,-100.99,Pagamento de Telefone - TIM SA,Telefone
20240709137000,2024-07-09,-37.0,Compra com Cartão - 09/07 12:55 MO KITCHEN GRILL LTD,Alimentação
202407101420000,2024-07-10,-420.0,Pagto Mensalidade Clube - GREMIO NAUTICO UNIAO,Educação
20240711110000,2024-07-11,-10.0,Compra com Cartão - 11/07 09:53 SOS SERVICOS,Transporte
20240711118900,2024-07-11,-18.9,Compra com Cartão - 11/07 14:28 CASA MARIA,Moradia
20240711124900,2024-07-11,-24.9,Compra com Cartão - 11/07 14:40 FERRAGEM FRANCIS,Transporte
2024071117000,2024-07-11,-7.0,Compra com Cartão - 11/07 15:04 PAG*RkdpTortariaECaf,Alimentação
20240711160000,2024-07-11,-60.0,Pix - Enviado - 11/07 15:56 Leonardo Tadeu Paranhos,Transferências para terceiros
2024071211990,2024-07-12,-1.99,Compra com Cartão - 12/07 09:36 PAG*CasaMaria,Moradia
20240712146000,2024-07-12,-46.0,Compra com Cartão - 12/07 13:11 MO KITCHEN GRILL LTD,Alimentação
20240712111500,2024-07-12,-11.5,Compra com Cartão - 12/07 16:59 PAG*Mercado33,Mercado
202407151241670,2024-07-15,-241.67,Compra com Cartão - 13/07 11:13 POSTO SHOPPING,Compras
20240715174000,2024-07-15,-74.0,Compra com Cartão - 13/07 13:21 RESTAURANTE CASA NOS,Alimentação
202407151571840,2024-07-15,-571.84,Compra com Cartão - 14/07 20:18 BISTEK SUPERMERCADOS,Alimentação
202407151290000,2024-07-15,-290.0,Compra com Cartão - 14/07 22:05 PEREIRA COMERCIO DE,Compras
20240715117460,2024-07-15,-17.46,Compra com Cartão - 15/07 18:54 PANVEL FARMACIAS,Saúde
202407151146970,2024-07-15,-146.97,Compra com Cartão - 15/07 19:07 ARMAZEM TRINTA E OIT,Compras
202407151316340,2024-07-15,-316.34,Pix - Enviado - 14/07 14:31 Growth Supplements Prod Al,Saúde
20240717137000,2024-07-17,-37.0,Compra com Cartão - 17/07 13:25 MO KITCHEN GRILL LTD,Alimentação
202407171132130,2024-07-17,-132.13,Pix - Enviado - 17/07 11:16 Claro,Telefone
202407190610000,2024-07-19,610.0,Pix - Recebido - 19/07 15:45 00000982040091 EDUARDO BEC,Receitas
202407191504320,2024-07-19,-504.32,Compra com Cartão - 19/07 19:01 ZAFFARI HIGIENOP,Saúde
202407220500000,2024-07-22,500.0,Pix - Recebido - 20/07 18:02 42454634000164 TADEWALD HO,Receitas
202407221126400,2024-07-22,-126.4,Compra com Cartão - 20/07 09:34 PANVEL FARMACIAS,Saúde
20240722110990,2024-07-22,-10.99,Compra com Cartão - 20/07 09:36 PANVEL FARMACIAS,Saúde
202407221140480,2024-07-22,-140.48,Compra com Cartão - 20/07 09:46 ARMAZEM TRINTA E OIT,Compras
202407221450000,2024-07-22,-450.0,Pix - Enviado - 20/07 18:03 Mariano Czarnobai Junior,Transferências para terceiros
2024072319600,2024-07-23,-9.6,Compra com Cartão - 23/07 17:13 BELLER COMERCIO DE P,Compras
20240723137200,2024-07-23,-37.2,Compra com Cartão - 23/07 19:07 ZAFFARI HIGIENOP,Saúde
20240723191600,2024-07-23,-91.6,Compra com Cartão - 23/07 19:15 ZAFFARI HIGIENOP,Saúde
2024072311500,2024-07-23,-1.5,Pix - Enviado - 23/07 15:50 Lc Soluções Gráficas,Transferências para terceiros
20240724157800,2024-07-24,-57.8,Compra com Cartão - 24/07 12:40 QI TEMAKI,Alimentação
202407250400000,2024-07-25,400.0,Pix - Recebido - 25/07 18:08 84731630010 RODRIGO SOARES,Receitas
20240725165000,2024-07-25,-65.0,Compra com Cartão - 25/07 18:08 PAG*Fernandabassegio,Transporte
202407251241160,2024-07-25,-241.16,Compra com Cartão - 25/07 18:16 P ANCHIETA IPIRANGA,Compras
2024072513990,2024-07-25,-3.99,Compra com Cartão - 25/07 18:19 CENTRO DE CONVENIENC,Compras
20240730151900,2024-07-30,-51.9,Compra com Cartão - 30/07 12:22 QI TEMAKI,Alimentação
2024040101256680,2024-04-01,1256.68,Pix - Recebido - 01/04 06:18 41075192000182 ASIMOV ACAD,Receitas
20240401125000,2024-04-01,-25.0,Compra com Cartão - 30/03 09:31 FERRAGEM SARATT,Transporte
20240401139900,2024-04-01,-39.9,Compra com Cartão - 30/03 19:37 TOCA DA BISA COMERCI,Alimentação
202404011162270,2024-04-01,-162.27,Compra com Cartão - 01/04 19:05 ZAFFARI HIGIENOP,Saúde
202404011460000,2024-04-01,-460.0,Pix - Enviado - 01/04 22:49 Rodrigo Tavares De Sousa,Transferências para terceiros
20240402013743320,2024-04-02,13743.32,Pix - Recebido - 02/04 06:05 41075192000182 ASIMOV ACAD,Receitas
202404021100000,2024-04-02,-100.0,Compra com Cartão - 02/04 18:32 POSTO ROVIN,Transporte
2024040213000,2024-04-02,-3.0,Pix - Enviado - 02/04 08:03 Maria Otilia Colpo,Transferências para terceiros
2024040213071000,2024-04-02,-3071.0,Pix - Enviado - 02/04 09:44 ESCOLA DE EDUCACAO INFANT,Educação
202404021500000,2024-04-02,-500.0,Pix - Enviado - 02/04 09:44 COPE SERVICOS CONTABEIS E,Transferências para terceiros
2024040217811830,2024-04-02,-7811.83,Pagamento de Boleto - FERREIRA IMOVEIS LTDA,Moradia
202404021132130,2024-04-02,-132.13,Pix - Enviado - 02/04 09:59 Claro,Telefone
20240403120000,2024-04-03,-20.0,Compra com Cartão - 03/04 19:33 ANDRE ANTONIO LEAL,Compras
20240403141950,2024-04-03,-41.95,Compra com Cartão - 03/04 19:39 PAG*FeiraAnzolin,Mercado
20240403129000,2024-04-03,-29.0,Compra com Cartão - 03/04 19:44 PAG*53594251Dayra,Compras
20240403110500,2024-04-03,-10.5,Compra com Cartão - 03/04 19:45 LUIZ FERNANDO SCHAID,Compras
202404040384220,2024-04-04,384.22,Pix - Recebido - 04/04 08:16 10878448000166 PAYPAL DO B,Receitas
20240405187800,2024-04-05,-87.8,Compra com Cartão - 05/04 13:20 QUERO BIS ALIMENTOS,Alimentação
20240408010000000,2024-04-08,10000.0,Pix - Recebido - 08/04 12:18 41075192000182 ASIMOV ACAD,Receitas
202404081139640,2024-04-08,-139.64,Compra com Cartão - 06/04 20:25 BOURBON COUNTRY,Alimentação
20240408190320,2024-04-08,-90.32,Compra com Cartão - 07/04 12:56 SUPERMAGO COMERCI,Compras
202404081176160,2024-04-08,-176.16,Compra com Cartão - 08/04 14:52 ARMAZEM TRINTA E OIT,Compras
2024040817000,2024-04-08,-7.0,Compra com Cartão - 08/04 16:01 PFC ESTACIONAMENT,Transporte
202404081150000,2024-04-08,-150.0,Pix - Enviado - 07/04 21:25 Vinícius Soares Tadewald,Transferências para terceiros
20240408110000000,2024-04-08,-10000.0,Pix - Enviado - 08/04 15:54 Thiago Da Silva Ferreira,Transferências para terceiros
20240408190990,2024-04-08,-90.99,Pagamento de Telefone - TIM SA,Telefone
20240409020000000,2024-04-09,20000.0,Pix - Recebido - 09/04 08:34 00002205023071 ADRIANO VAS,Receitas
20240409125000,2024-04-09,-25.0,Compra com Cartão - 09/04 19:58 FIDALGO TREVISAN COM,Compras
20240409111000000,2024-04-09,-11000.0,Pix - Enviado - 09/04 09:37 Tadewald Holdin,Transferências para terceiros
20240409130000,2024-04-09,-30.0,Pix - Enviado - 09/04 18:21 Juliano Ribeiro,Transferências para terceiros
2024041003930000,2024-04-10,3930.0,Pix - Recebido - 10/04 15:00 00038930080049 IVANISE SOA,Receitas
202404101373460,2024-04-10,-373.46,Compra com Cartão - 10/04 10:10 ZAFFARI HIGIENOP,Saúde
2024041018850420,2024-04-10,-8850.42,Pagto cartão crédito - VISA INTERNATIONAL,Transporte
202404101420000,2024-04-10,-420.0,Pagto Mensalidade Clube - GREMIO NAUTICO UNIAO,Educação
20240411012500000,2024-04-11,12500.0,Pix - Recebido - 11/04 16:20 00000057826005 EVERTON DA,Receitas
20240411129960,2024-04-11,-29.96,Compra com Cartão - 11/04 16:35 BOURBON COUNTRY,Alimentação
20240411115000000,2024-04-11,-15000.0,Pix - Enviado - 11/04 16:21 Tadewald Holdin,Transferências para terceiros
202404121223130,2024-04-12,-223.13,Compra com Cartão - 12/04 18:51 POSTO ROVIN,Transporte
20240412161870,2024-04-12,-61.87,Compra com Cartão - 12/04 18:59 PANVEL FILIAL 885,Compras
202404121450000,2024-04-12,-450.0,Pix - Enviado - 12/04 19:43 Rodrigo Soares Tadewald,Transferências para terceiros
2024041501070000,2024-04-15,1070.0,Pix - Recebido - 15/04 13:51 42454634000164 TADEWALD HO,Receitas
20240415146000,2024-04-15,-46.0,Compra com Cartão - 13/04 17:24 R F GRINKE LTDA,Compras
202404151277010,2024-04-15,-277.01,Compra com Cartão - 13/04 17:48 ZAFFARI F.VIEIRA,Alimentação
20240415166000,2024-04-15,-66.0,Compra com Cartão - 15/04 12:47 RESTAURANTE POROES,Alimentação
202404151232180,2024-04-15,-232.18,Compra com Cartão - 15/04 19:20 ZAFFARI HIGIENOP,Saúde
2024041512614740,2024-04-15,-2614.74,Pagamento de Impostos - IPVA WEBSERVICE,Transferências para terceiros
202404151104360,2024-04-15,-104.36,Pagamento de Impostos - DETRAN/RS-GAD-E,Transferências para terceiros
202404151210000,2024-04-15,-210.0,Pix - Enviado - 15/04 13:57 Mercadologia 100,Transferências para terceiros
20240416013600000,2024-04-16,13600.0,Pix - Recebido - 16/04 15:37 42454634000164 TADEWALD HO,Receitas
2024041613000,2024-04-16,-3.0,Pix - Enviado - 16/04 07:56 Maria Otilia Colpo,Transferências para terceiros
20240416113500000,2024-04-16,-13500.0,Pix - Enviado - 16/04 17:23 Jean Andrey Da Silva Angel,Transferências para terceiros
202404170300000,2024-04-17,300.0,Pix - Recebido - 17/04 17:49 42454634000164 TADEWALD HO,Receitas
202404171300000,2024-04-17,-300.0,Pix - Enviado - 17/04 17:46 TADEWALD HOLDIN,Transferências para terceiros
202404181282350,2024-04-18,-282.35,Compra com Cartão - 18/04 19:42 BISTEK SUPERMERCADOS,Alimentação
20240419147900,2024-04-19,-47.9,Compra com Cartão - 19/04 13:35 QUERO BIS ALIMENTOS,Alimentação
202404220200000,2024-04-22,200.0,Pix - Recebido - 21/04 14:45 84731630010 RODRIGO SOARES,Receitas
202404220500000,2024-04-22,500.0,Pix - Recebido - 22/04 15:39 42454634000164 TADEWALD HO,Receitas
2024042216500,2024-04-22,-6.5,Compra com Cartão - 20/04 15:05 ARMAZEM 77,Compras
20240422131000,2024-04-22,-31.0,Compra com Cartão - 20/04 17:06 PG *TON PADARIA CONF,Alimentação
20240422156900,2024-04-22,-56.9,Compra com Cartão - 20/04 17:24 PAG*AcougueMampituba,Alimentação
20240422117000,2024-04-22,-17.0,Compra com Cartão - 21/04 14:45 DEZA DE ZAFFARI,Alimentação
202404221100000,2024-04-22,-100.0,Compra com Cartão - 21/04 19:19 TORRES,Transporte
20240422130000,2024-04-22,-30.0,Pix - Enviado - 20/04 10:21 Sem Parar Instituição De P,Transferências para terceiros
202404221279160,2024-04-22,-279.16,Pix - Enviado - 22/04 17:21 Growth Supplements Prod Al,Saúde
2024042313000,2024-04-23,-3.0,Pix - Enviado - 23/04 08:02 Maria Otilia Colpo,Transferências para terceiros
202404241110000,2024-04-24,-110.0,Pix - Enviado - 24/04 09:41 Escola De Educacao Infanti,Educação
20240502015000000,2024-05-02,15000.0,Pix - Recebido - 01/05 06:31 41075192000182 ASIMOV ACAD,Receitas
2024050204000000,2024-05-02,4000.0,Pix - Recebido - 02/05 15:03 42454634000164 TADEWALD HO,Receitas
2024050216178810,2024-05-02,-6178.81,Pagto cartão crédito,Compras
202405021500000,2024-05-02,-500.0,Pix - Enviado - 02/05 14:38 COPE SERVICOS CONTABEIS E,Transferências para terceiros
2024050213071000,2024-05-02,-3071.0,Pix - Enviado - 02/05 15:00 ESCOLA DE EDUCACAO INFANTI,Educação
2024050216941970,2024-05-02,-6941.97,Pagamento de Boleto - FERREIRA IMOVEIS LTDA,Moradia
202405021132130,2024-05-02,-132.13,Pix - Enviado - 02/05 15:14 Claro,Telefone
202405021450000,2024-05-02,-450.0,Pix - Enviado - 02/05 15:22 Mariano Czarnobai Junior,Transferências para terceiros
20240503190300,2024-05-03,-90.3,Compra com Cartão - 03/05 13:16 QUERO BIS ALIMENTOS,Alimentação
202405031460000,2024-05-03,-460.0,Pix - Enviado - 03/05 13:29 Rodrigo Tavares De Sousa,Transferências para terceiros
20240506124900,2024-05-06,-24.9,Compra com Cartão - 04/05 10:00 CASA CUNHA,Moradia
20240506194220,2024-05-06,-94.22,Compra com Cartão - 04/05 14:23 ZAFFARI C. COLOMB,Alimentação
202405061115330,2024-05-06,-115.33,Compra com Cartão - 05/05 11:30 BISTEK SUPERMERCADOS,Alimentação
202405061273770,2024-05-06,-273.77,Compra com Cartão - 05/05 12:14 BOURBON COUNTRY,Alimentação
20240506138000,2024-05-06,-38.0,Compra com Cartão - 05/05 18:00 PG ALIMENTOS,Alimentação
20240506140980,2024-05-06,-40.98,Compra com Cartão - 06/05 16:40 SUPERMAGO,Compras
20240506150000,2024-05-06,-50.0,Pix - Enviado - 04/05 09:27 Lena Marcia Boeira Da Silv,Transferências para terceiros
202405070202770,2024-05-07,202.77,Pix - Recebido - 07/05 08:30 10878448000166 PAYPAL DO B,Receitas
20240507187800,2024-05-07,-87.8,Compra com Cartão - 07/05 13:29 QUERO BIS ALIMENTOS,Alimentação
20240507190990,2024-05-07,-90.99,Pagamento de Telefone - TIM SA,Telefone
20240508135000,2024-05-08,-35.0,Pix - Enviado - 08/05 16:10 Tanise Fernandes Weil,Transferências para terceiros
20240508135001,2024-05-08,-35.0,Pix - Enviado - 08/05 16:25 Tanise Fernandes Weil,Transferências para terceiros
20240509160000,2024-05-09,-60.0,Pix - Enviado - 09/05 14:26 Rodrigo Soares Tadewald,Transferências para terceiros
20240510199510,2024-05-10,-99.51,Compra com Cartão - 10/05 19:37 ZAFFARI HIGIENOP,Saúde
202405101420000,2024-05-10,-420.0,Pagto Mensalidade Clube - GREMIO NAUTICO UNIAO,Educação
202405130165000,2024-05-13,165.0,Pix - Recebido - 12/05 17:57 37458388072 REGIS FERNANDO,Receitas
20240513114960,2024-05-13,-14.96,Compra com Cartão - 12/05 16:26 BOURBON COUNTRY,Alimentação
20240515126900,2024-05-15,-26.9,Compra com Cartão - 15/05 11:34 PAG*54653018Rivaldo,Compras
20240515124200,2024-05-15,-24.2,Compra com Cartão - 15/05 11:40 BANCA 206,Transporte
20240517122000,2024-05-17,-22.0,Compra com Cartão - 17/05 11:04 HOSPITAL MOINHOS DE,Saúde
20240520178550,2024-05-20,-78.55,Compra com Cartão - 18/05 18:19 SUPERMAGO COMERCI,Alimentação
2024052118490,2024-05-21,-8.49,Compra com Cartão - 21/05 12:24 POSTO SHOPPING,Transporte
202405240500000,2024-05-24,500.0,Pix - Recebido - 24/05 13:45 42454634000164 TADEWALD HO,Receitas
20240524160070,2024-05-24,-60.07,Compra com Cartão - 24/05 19:38 SUPERMAGO COMERCI,Alimentação
2024052718000,2024-05-27,-8.0,Compra com Cartão - 25/05 15:22 PAG*RainbowFood,Alimentação
20240527147300,2024-05-27,-47.3,Compra com Cartão - 26/05 17:26 FAURI COM DE COMBUST,Transporte
202405271144000,2024-05-27,-144.0,Pix - Enviado - 26/05 16:45 Advisory   Aderson Loureir,Transferências para terceiros
20240529180000,2024-05-29,-80.0,Pix - Enviado - 29/05 15:46 Sidon Carvalho Santana,Transferências para terceiros
2024053101600000,2024-05-31,1600.0,Pix - Recebido - 30/05 13:04 42454634000164 TADEWALD HO,Receitas
2024053115000,2024-05-31,-5.0,Compra com Cartão - 30/05 15:55 D. DOS SANTOS MARCHI,Transporte
2024053113000,2024-05-31,-3.0,Pix - Enviado - 30/05 07:54 Maria Otilia Colpo,Transferências para terceiros
202405311900000,2024-05-31,-900.0,Pix - Enviado - 30/05 13:06 Mariano Czarnobai Junior,Transferências para terceiros
202405311225000,2024-05-31,-225.0,Pix - Enviado - 30/05 13:11 Anderson Araujo Pereira,Transferências para terceiros
20240531110000,2024-05-31,-10.0,Pix - Enviado - 30/05 17:41 Ricardo Fernando Feijo De,Transferências para terceiros
